QTD,DURACAO,EQUIPE
4.03,779.04,ORTOPEDIA E TRAUMATOLOGIA
1.04,1,ORTOPEDIA E TRAUMATOLOGIA
4.05,105.04,ORTOPEDIA E TRAUMATOLOGIA
3.11,118.21,ORTOPEDIA E TRAUMATOLOGIA
3.04,252,ORTOPEDIA E TRAUMATOLOGIA
1.03,1,ORTOPEDIA E TRAUMATOLOGIA
1.04,1,ORTOPEDIA E TRAUMATOLOGIA
1.04,1,ORTOPEDIA E TRAUMATOLOGIA
1.03,1,ORTOPEDIA E TRAUMATOLOGIA
3.05,363.12,ORTOPEDIA E TRAUMATOLOGIA
1.03,1,ORTOPEDIA E TRAUMATOLOGIA
2.05,59.02,ORTOPEDIA E TRAUMATOLOGIA
1.06,1,ORTOPEDIA E TRAUMATOLOGIA
5.11,879.13,ORTOPEDIA E TRAUMATOLOGIA
5.11,879.13,ORTOPEDIA E TRAUMATOLOGIA
5.11,879.13,ORTOPEDIA E TRAUMATOLOGIA
1.04,1,ORTOPEDIA E TRAUMATOLOGIA
1.04,1,ORTOPEDIA E TRAUMATOLOGIA
1.04,1,ORTOPEDIA E TRAUMATOLOGIA
1.04,1,ORTOPEDIA E TRAUMATOLOGIA
1.04,1,ORTOPEDIA E TRAUMATOLOGIA
1.04,1,ORTOPEDIA E TRAUMATOLOGIA
2.03,76.88,ORTOPEDIA E TRAUMATOLOGIA
23.04,686.04,ORTOPEDIA E TRAUMATOLOGIA
23.04,686.04,ORTOPEDIA E TRAUMATOLOGIA
23.04,686.04,ORTOPEDIA E TRAUMATOLOGIA
23.04,686.04,ORTOPEDIA E TRAUMATOLOGIA
23.04,686.04,ORTOPEDIA E TRAUMATOLOGIA
1.03,1,ORTOPEDIA E TRAUMATOLOGIA
3.11,49.08,ORTOPEDIA E TRAUMATOLOGIA
1.05,1,ORTOPEDIA E TRAUMATOLOGIA
1.05,1,ORTOPEDIA E TRAUMATOLOGIA
1.05,1,ORTOPEDIA E TRAUMATOLOGIA
1.05,1,ORTOPEDIA E TRAUMATOLOGIA
1.04,1,ORTOPEDIA E TRAUMATOLOGIA
2.06,364.18,ORTOPEDIA E TRAUMATOLOGIA
2.06,364.18,ORTOPEDIA E TRAUMATOLOGIA
2.06,364.18,ORTOPEDIA E TRAUMATOLOGIA
2.06,364.18,ORTOPEDIA E TRAUMATOLOGIA
2.06,364.18,ORTOPEDIA E TRAUMATOLOGIA
16.07,721,ORTOPEDIA E TRAUMATOLOGIA
16.07,721,ORTOPEDIA E TRAUMATOLOGIA
16.07,721,ORTOPEDIA E TRAUMATOLOGIA
16.07,721,ORTOPEDIA E TRAUMATOLOGIA
16.07,721,ORTOPEDIA E TRAUMATOLOGIA
16.07,721,ORTOPEDIA E TRAUMATOLOGIA
1.04,1,ORTOPEDIA E TRAUMATOLOGIA
1.04,1,ORTOPEDIA E TRAUMATOLOGIA
1.04,1,ORTOPEDIA E TRAUMATOLOGIA
1.04,1,ORTOPEDIA E TRAUMATOLOGIA
1.04,1,ORTOPEDIA E TRAUMATOLOGIA
9.05,956.96,ORTOPEDIA E TRAUMATOLOGIA
9.05,956.96,ORTOPEDIA E TRAUMATOLOGIA
10.05,958.99,ORTOPEDIA E TRAUMATOLOGIA
10.05,958.99,ORTOPEDIA E TRAUMATOLOGIA
10.05,958.99,ORTOPEDIA E TRAUMATOLOGIA
10.05,958.99,ORTOPEDIA E TRAUMATOLOGIA
3.06,360.92,ORTOPEDIA E TRAUMATOLOGIA
1.05,1,ORTOPEDIA E TRAUMATOLOGIA
1.06,1,ORTOPEDIA E TRAUMATOLOGIA
2.04,67.92,ORTOPEDIA E TRAUMATOLOGIA
3.07,174.04,ORTOPEDIA E TRAUMATOLOGIA
6.06,974.17,ORTOPEDIA E TRAUMATOLOGIA
4.05,976.03,ORTOPEDIA E TRAUMATOLOGIA
4.05,976.03,ORTOPEDIA E TRAUMATOLOGIA
4.05,976.03,ORTOPEDIA E TRAUMATOLOGIA
4.05,976.03,ORTOPEDIA E TRAUMATOLOGIA
4.05,976.03,ORTOPEDIA E TRAUMATOLOGIA
2.1,7.08,ORTOPEDIA E TRAUMATOLOGIA
3.04,253.75,ORTOPEDIA E TRAUMATOLOGIA
6.04,351.94,ORTOPEDIA E TRAUMATOLOGIA
2.11,7.08,ORTOPEDIA E TRAUMATOLOGIA
5.05,700,ORTOPEDIA E TRAUMATOLOGIA
1.05,1,ORTOPEDIA E TRAUMATOLOGIA
1.07,1,ORTOPEDIA E TRAUMATOLOGIA
1.07,1,ORTOPEDIA E TRAUMATOLOGIA
1.07,1,ORTOPEDIA E TRAUMATOLOGIA
1.07,1,ORTOPEDIA E TRAUMATOLOGIA
1.07,1,ORTOPEDIA E TRAUMATOLOGIA
1.07,1,ORTOPEDIA E TRAUMATOLOGIA
1.11,1,ORTOPEDIA E TRAUMATOLOGIA
1.04,1,ORTOPEDIA E TRAUMATOLOGIA
1.11,1,ORTOPEDIA E TRAUMATOLOGIA
10.11,811.04,ORTOPEDIA E TRAUMATOLOGIA
10.11,811.04,ORTOPEDIA E TRAUMATOLOGIA
2.04,175,ORTOPEDIA E TRAUMATOLOGIA
13.05,700.99,ORTOPEDIA E TRAUMATOLOGIA
3.06,584.01,ORTOPEDIA E TRAUMATOLOGIA
3.06,584.01,ORTOPEDIA E TRAUMATOLOGIA
3.06,584.01,ORTOPEDIA E TRAUMATOLOGIA
3.06,584.01,ORTOPEDIA E TRAUMATOLOGIA
3.06,584.01,ORTOPEDIA E TRAUMATOLOGIA
3.06,584.01,ORTOPEDIA E TRAUMATOLOGIA
3.06,584.01,ORTOPEDIA E TRAUMATOLOGIA
1.09,1,ORTOPEDIA E TRAUMATOLOGIA
3.05,28.96,ORTOPEDIA E TRAUMATOLOGIA
1.04,1,ORTOPEDIA E TRAUMATOLOGIA
7.05,563.99,ORTOPEDIA E TRAUMATOLOGIA
7.05,563.99,ORTOPEDIA E TRAUMATOLOGIA
7.05,563.99,ORTOPEDIA E TRAUMATOLOGIA
7.05,563.99,ORTOPEDIA E TRAUMATOLOGIA
7.05,563.99,ORTOPEDIA E TRAUMATOLOGIA
7.05,563.99,ORTOPEDIA E TRAUMATOLOGIA
11.06,842.06,ORTOPEDIA E TRAUMATOLOGIA
1.05,1,ORTOPEDIA E TRAUMATOLOGIA
5.11,538.96,ORTOPEDIA E TRAUMATOLOGIA
1.1,1,ORTOPEDIA E TRAUMATOLOGIA
6.03,97.87,ORTOPEDIA E TRAUMATOLOGIA
5.06,693.04,ORTOPEDIA E TRAUMATOLOGIA
4.11,41.91,ORTOPEDIA E TRAUMATOLOGIA
4.11,538.92,ORTOPEDIA E TRAUMATOLOGIA
4.06,50.25,ORTOPEDIA E TRAUMATOLOGIA
1.11,1,ORTOPEDIA E TRAUMATOLOGIA
5.07,403,ORTOPEDIA E TRAUMATOLOGIA
7.11,97.8,ORTOPEDIA E TRAUMATOLOGIA
3.11,479.96,ORTOPEDIA E TRAUMATOLOGIA
3.11,479.96,ORTOPEDIA E TRAUMATOLOGIA
3.11,479.96,ORTOPEDIA E TRAUMATOLOGIA
1.11,1,ORTOPEDIA E TRAUMATOLOGIA
7.06,224,ORTOPEDIA E TRAUMATOLOGIA
2.11,98.04,ORTOPEDIA E TRAUMATOLOGIA
8.05,769.93,ORTOPEDIA E TRAUMATOLOGIA
1.11,1,ORTOPEDIA E TRAUMATOLOGIA
1.04,1,ORTOPEDIA E TRAUMATOLOGIA
2.04,21.92,ORTOPEDIA E TRAUMATOLOGIA
1.07,1,ORTOPEDIA E TRAUMATOLOGIA
2.1,56.79,ORTOPEDIA E TRAUMATOLOGIA
1.03,1,ORTOPEDIA E TRAUMATOLOGIA
6.07,684.93,ORTOPEDIA E TRAUMATOLOGIA
6.07,684.93,ORTOPEDIA E TRAUMATOLOGIA
6.07,684.93,ORTOPEDIA E TRAUMATOLOGIA
6.07,684.93,ORTOPEDIA E TRAUMATOLOGIA
6.07,684.93,ORTOPEDIA E TRAUMATOLOGIA
6.07,684.93,ORTOPEDIA E TRAUMATOLOGIA
2.04,15.88,ORTOPEDIA E TRAUMATOLOGIA
1.04,1,ORTOPEDIA E TRAUMATOLOGIA
1.07,1,ORTOPEDIA E TRAUMATOLOGIA
3.04,17,ORTOPEDIA E TRAUMATOLOGIA
26.11,1123.04,ORTOPEDIA E TRAUMATOLOGIA
5.06,357,ORTOPEDIA E TRAUMATOLOGIA
1.07,1,ORTOPEDIA E TRAUMATOLOGIA
9.11,1159.96,ORTOPEDIA E TRAUMATOLOGIA
1.03,1,ORTOPEDIA E TRAUMATOLOGIA
1.11,1,ORTOPEDIA E TRAUMATOLOGIA
1.06,1,ORTOPEDIA E TRAUMATOLOGIA
3.05,143.89,ORTOPEDIA E TRAUMATOLOGIA
2.1,61.92,ORTOPEDIA E TRAUMATOLOGIA
1.11,1,ORTOPEDIA E TRAUMATOLOGIA
2.04,7,ORTOPEDIA E TRAUMATOLOGIA
13.04,951.96,ORTOPEDIA E TRAUMATOLOGIA
5.06,1106.04,ORTOPEDIA E TRAUMATOLOGIA
10.04,994,ORTOPEDIA E TRAUMATOLOGIA
2.08,31,ORTOPEDIA E TRAUMATOLOGIA
1.11,1,ORTOPEDIA E TRAUMATOLOGIA
1.11,1,ORTOPEDIA E TRAUMATOLOGIA
1.05,1,ORTOPEDIA E TRAUMATOLOGIA
1.04,1,ORTOPEDIA E TRAUMATOLOGIA
3.06,44,ORTOPEDIA E TRAUMATOLOGIA
1.06,1,ORTOPEDIA E TRAUMATOLOGIA
3.11,46.92,ORTOPEDIA E TRAUMATOLOGIA
1.05,1,ORTOPEDIA E TRAUMATOLOGIA
4.07,986,ORTOPEDIA E TRAUMATOLOGIA
3.03,21,ORTOPEDIA E TRAUMATOLOGIA
1.03,1,ORTOPEDIA E TRAUMATOLOGIA
2.05,101,ORTOPEDIA E TRAUMATOLOGIA
2.11,215.97,ORTOPEDIA E TRAUMATOLOGIA
13.11,536.68,ORTOPEDIA E TRAUMATOLOGIA
1.07,1,ORTOPEDIA E TRAUMATOLOGIA
5.11,804.87,ORTOPEDIA E TRAUMATOLOGIA
5.11,363.92,ORTOPEDIA E TRAUMATOLOGIA
1.07,1,ORTOPEDIA E TRAUMATOLOGIA
1.11,1,ORTOPEDIA E TRAUMATOLOGIA
19.11,930.96,ORTOPEDIA E TRAUMATOLOGIA
1.05,1,ORTOPEDIA E TRAUMATOLOGIA
3.11,378.26,ORTOPEDIA E TRAUMATOLOGIA
3.11,378.26,ORTOPEDIA E TRAUMATOLOGIA
3.11,378.26,ORTOPEDIA E TRAUMATOLOGIA
3.11,378.26,ORTOPEDIA E TRAUMATOLOGIA
3.11,378.26,ORTOPEDIA E TRAUMATOLOGIA
6.1,161,ORTOPEDIA E TRAUMATOLOGIA
3.11,14.04,ORTOPEDIA E TRAUMATOLOGIA
1.04,1,ORTOPEDIA E TRAUMATOLOGIA
2.1,35,ORTOPEDIA E TRAUMATOLOGIA
1.1,1,ORTOPEDIA E TRAUMATOLOGIA
9.11,700.04,ORTOPEDIA E TRAUMATOLOGIA
5.05,825.08,ORTOPEDIA E TRAUMATOLOGIA
6.11,841.83,ORTOPEDIA E TRAUMATOLOGIA
1.06,1,ORTOPEDIA E TRAUMATOLOGIA
3.05,294.07,ORTOPEDIA E TRAUMATOLOGIA
2.07,42,ORTOPEDIA E TRAUMATOLOGIA
1.06,1,ORTOPEDIA E TRAUMATOLOGIA
13.05,723.29,ORTOPEDIA E TRAUMATOLOGIA
8.04,118.92,ORTOPEDIA E TRAUMATOLOGIA
1.07,1,ORTOPEDIA E TRAUMATOLOGIA
2.04,650.96,ORTOPEDIA E TRAUMATOLOGIA
3.05,241.21,ORTOPEDIA E TRAUMATOLOGIA
16.04,1083.98,ORTOPEDIA E TRAUMATOLOGIA
4.04,538.92,ORTOPEDIA E TRAUMATOLOGIA
5.11,907.04,ORTOPEDIA E TRAUMATOLOGIA
6.1,111.91,ORTOPEDIA E TRAUMATOLOGIA
6.06,88.79,ORTOPEDIA E TRAUMATOLOGIA
7.03,554.02,ORTOPEDIA E TRAUMATOLOGIA
3.05,385.01,ORTOPEDIA E TRAUMATOLOGIA
3.05,385.01,ORTOPEDIA E TRAUMATOLOGIA
3.05,385.01,ORTOPEDIA E TRAUMATOLOGIA
3.05,385.01,ORTOPEDIA E TRAUMATOLOGIA
3.05,385.01,ORTOPEDIA E TRAUMATOLOGIA
4.11,602,ORTOPEDIA E TRAUMATOLOGIA
2.07,315.05,ORTOPEDIA E TRAUMATOLOGIA
2.07,315.05,ORTOPEDIA E TRAUMATOLOGIA
2.07,315.05,ORTOPEDIA E TRAUMATOLOGIA
2.07,315.05,ORTOPEDIA E TRAUMATOLOGIA
2.07,315.05,ORTOPEDIA E TRAUMATOLOGIA
3.07,865,ORTOPEDIA E TRAUMATOLOGIA
19.05,1043.27,ORTOPEDIA E TRAUMATOLOGIA
7.04,679.03,ORTOPEDIA E TRAUMATOLOGIA
7.04,679.03,ORTOPEDIA E TRAUMATOLOGIA
11.05,1031.25,ORTOPEDIA E TRAUMATOLOGIA
1.04,1,ORTOPEDIA E TRAUMATOLOGIA
1.04,1,ORTOPEDIA E TRAUMATOLOGIA
1.04,1,ORTOPEDIA E TRAUMATOLOGIA
1.04,1,ORTOPEDIA E TRAUMATOLOGIA
1.04,1,ORTOPEDIA E TRAUMATOLOGIA
1.06,1,ORTOPEDIA E TRAUMATOLOGIA
18.11,981.17,ORTOPEDIA E TRAUMATOLOGIA
1.03,1,ORTOPEDIA E TRAUMATOLOGIA
1.03,1,ORTOPEDIA E TRAUMATOLOGIA
1.03,1,ORTOPEDIA E TRAUMATOLOGIA
1.03,1,ORTOPEDIA E TRAUMATOLOGIA
1.03,1,ORTOPEDIA E TRAUMATOLOGIA
3.09,922.75,ORTOPEDIA E TRAUMATOLOGIA
2.11,49.04,ORTOPEDIA E TRAUMATOLOGIA
16.04,1044.25,ORTOPEDIA E TRAUMATOLOGIA
9.11,826,ORTOPEDIA E TRAUMATOLOGIA
4.11,210,ORTOPEDIA E TRAUMATOLOGIA
6.11,973,ORTOPEDIA E TRAUMATOLOGIA
2.04,501.05,ORTOPEDIA E TRAUMATOLOGIA
2.04,501.05,ORTOPEDIA E TRAUMATOLOGIA
2.04,501.05,ORTOPEDIA E TRAUMATOLOGIA
2.04,501.05,ORTOPEDIA E TRAUMATOLOGIA
2.04,501.05,ORTOPEDIA E TRAUMATOLOGIA
11.11,949.78,ORTOPEDIA E TRAUMATOLOGIA
11.11,949.78,ORTOPEDIA E TRAUMATOLOGIA
11.11,949.78,ORTOPEDIA E TRAUMATOLOGIA
11.11,949.78,ORTOPEDIA E TRAUMATOLOGIA
11.11,949.78,ORTOPEDIA E TRAUMATOLOGIA
3.04,34.92,ORTOPEDIA E TRAUMATOLOGIA
6.06,852,ORTOPEDIA E TRAUMATOLOGIA
1.04,1,ORTOPEDIA E TRAUMATOLOGIA
1.03,1,ORTOPEDIA E TRAUMATOLOGIA
1.03,1,ORTOPEDIA E TRAUMATOLOGIA
1.03,1,ORTOPEDIA E TRAUMATOLOGIA
1.03,1,ORTOPEDIA E TRAUMATOLOGIA
1.03,1,ORTOPEDIA E TRAUMATOLOGIA
1.09,1,ORTOPEDIA E TRAUMATOLOGIA
1.09,1,ORTOPEDIA E TRAUMATOLOGIA
1.09,1,ORTOPEDIA E TRAUMATOLOGIA
1.09,1,ORTOPEDIA E TRAUMATOLOGIA
1.09,1,ORTOPEDIA E TRAUMATOLOGIA
1.09,1,ORTOPEDIA E TRAUMATOLOGIA
7.06,104.96,ORTOPEDIA E TRAUMATOLOGIA
4.11,238.94,ORTOPEDIA E TRAUMATOLOGIA
2.11,361,ORTOPEDIA E TRAUMATOLOGIA
2.07,21,ORTOPEDIA E TRAUMATOLOGIA
1.04,1,ORTOPEDIA E TRAUMATOLOGIA
4.05,812.92,ORTOPEDIA E TRAUMATOLOGIA
1.07,1,ORTOPEDIA E TRAUMATOLOGIA
1.07,1,ORTOPEDIA E TRAUMATOLOGIA
1.07,1,ORTOPEDIA E TRAUMATOLOGIA
1.07,1,ORTOPEDIA E TRAUMATOLOGIA
1.07,1,ORTOPEDIA E TRAUMATOLOGIA
1.07,1,ORTOPEDIA E TRAUMATOLOGIA
1.07,1,ORTOPEDIA E TRAUMATOLOGIA
15.04,1009.15,ORTOPEDIA E TRAUMATOLOGIA
2.1,189.04,ORTOPEDIA E TRAUMATOLOGIA
2.1,189.04,ORTOPEDIA E TRAUMATOLOGIA
2.1,189.04,ORTOPEDIA E TRAUMATOLOGIA
3.04,462,ORTOPEDIA E TRAUMATOLOGIA
1.06,1,ORTOPEDIA E TRAUMATOLOGIA
8.06,421.25,ORTOPEDIA E TRAUMATOLOGIA
8.06,421.25,ORTOPEDIA E TRAUMATOLOGIA
8.06,421.25,ORTOPEDIA E TRAUMATOLOGIA
8.06,421.25,ORTOPEDIA E TRAUMATOLOGIA
8.06,421.25,ORTOPEDIA E TRAUMATOLOGIA
2.11,281,ORTOPEDIA E TRAUMATOLOGIA
2.11,281,ORTOPEDIA E TRAUMATOLOGIA
2.11,281,ORTOPEDIA E TRAUMATOLOGIA
2.11,281,ORTOPEDIA E TRAUMATOLOGIA
2.11,281,ORTOPEDIA E TRAUMATOLOGIA
7.05,841.83,ORTOPEDIA E TRAUMATOLOGIA
2.04,20.17,ORTOPEDIA E TRAUMATOLOGIA
5.07,118.96,ORTOPEDIA E TRAUMATOLOGIA
2.05,42,ORTOPEDIA E TRAUMATOLOGIA
1.03,1,ORTOPEDIA E TRAUMATOLOGIA
7.06,373.04,ORTOPEDIA E TRAUMATOLOGIA
3.11,34.92,ORTOPEDIA E TRAUMATOLOGIA
7.04,503.04,ORTOPEDIA E TRAUMATOLOGIA
1.1,1,ORTOPEDIA E TRAUMATOLOGIA
1.07,1,ORTOPEDIA E TRAUMATOLOGIA
3.06,454.96,ORTOPEDIA E TRAUMATOLOGIA
3.11,69.96,ORTOPEDIA E TRAUMATOLOGIA
3.11,473,ORTOPEDIA E TRAUMATOLOGIA
3.11,473,ORTOPEDIA E TRAUMATOLOGIA
3.11,473,ORTOPEDIA E TRAUMATOLOGIA
1.03,1,ORTOPEDIA E TRAUMATOLOGIA
2.11,9.71,ORTOPEDIA E TRAUMATOLOGIA
2.04,210,ORTOPEDIA E TRAUMATOLOGIA
10.05,503.95,ORTOPEDIA E TRAUMATOLOGIA
4.11,524.66,ORTOPEDIA E TRAUMATOLOGIA
4.11,524.66,ORTOPEDIA E TRAUMATOLOGIA
4.11,524.66,ORTOPEDIA E TRAUMATOLOGIA
4.11,524.66,ORTOPEDIA E TRAUMATOLOGIA
4.11,524.66,ORTOPEDIA E TRAUMATOLOGIA
3.08,292.8,ORTOPEDIA E TRAUMATOLOGIA
3.11,90.95,ORTOPEDIA E TRAUMATOLOGIA
2.04,60.94,ORTOPEDIA E TRAUMATOLOGIA
3.04,622.96,ORTOPEDIA E TRAUMATOLOGIA
1.11,1,ENDOCRINOLOGIA E METABOLISMO
4.03,684.96,ENDOCRINOLOGIA E METABOLISMO
4.03,684.96,ENDOCRINOLOGIA E METABOLISMO
4.03,54.13,ENDOCRINOLOGIA E METABOLISMO
2.11,119.05,ENDOCRINOLOGIA E METABOLISMO
3.03,790.6,ENDOCRINOLOGIA E METABOLISMO
3.03,790.6,ENDOCRINOLOGIA E METABOLISMO
3.03,790.6,ENDOCRINOLOGIA E METABOLISMO
3.03,790.6,ENDOCRINOLOGIA E METABOLISMO
3.03,790.6,ENDOCRINOLOGIA E METABOLISMO
6.05,848.25,ENDOCRINOLOGIA E METABOLISMO
7.03,735.05,ENDOCRINOLOGIA E METABOLISMO
2.11,195.96,ENDOCRINOLOGIA E METABOLISMO
2.11,195.96,ENDOCRINOLOGIA E METABOLISMO
2.11,195.96,ENDOCRINOLOGIA E METABOLISMO
4.07,714,ENDOCRINOLOGIA E METABOLISMO
4.11,703.99,ENDOCRINOLOGIA E METABOLISMO
4.11,703.99,ENDOCRINOLOGIA E METABOLISMO
4.11,703.99,ENDOCRINOLOGIA E METABOLISMO
3.11,329.01,ENDOCRINOLOGIA E METABOLISMO
2.04,276.93,ENDOCRINOLOGIA E METABOLISMO
2.04,276.93,ENDOCRINOLOGIA E METABOLISMO
2.04,276.93,ENDOCRINOLOGIA E METABOLISMO
2.04,276.93,ENDOCRINOLOGIA E METABOLISMO
4.11,300.87,ENDOCRINOLOGIA E METABOLISMO
2.02,50.79,ENDOCRINOLOGIA E METABOLISMO
3.04,328,ENDOCRINOLOGIA E METABOLISMO
6.05,588.01,ENDOCRINOLOGIA E METABOLISMO
6.05,588.01,ENDOCRINOLOGIA E METABOLISMO
6.05,588.01,ENDOCRINOLOGIA E METABOLISMO
6.05,588.01,ENDOCRINOLOGIA E METABOLISMO
6.05,588.01,ENDOCRINOLOGIA E METABOLISMO
1.04,1,ENDOCRINOLOGIA E METABOLISMO
3.11,760.97,ENDOCRINOLOGIA E METABOLISMO
3.11,760.97,ENDOCRINOLOGIA E METABOLISMO
3.11,760.97,ENDOCRINOLOGIA E METABOLISMO
3.11,760.97,ENDOCRINOLOGIA E METABOLISMO
3.11,760.97,ENDOCRINOLOGIA E METABOLISMO
7.1,95.79,ENDOCRINOLOGIA E METABOLISMO
1.11,1,ENDOCRINOLOGIA E METABOLISMO
3.07,139.96,ENDOCRINOLOGIA E METABOLISMO
4.05,355.96,ENDOCRINOLOGIA E METABOLISMO
18.11,720.92,ENDOCRINOLOGIA E METABOLISMO
2.07,481.96,ENDOCRINOLOGIA E METABOLISMO
1.11,1,ENDOCRINOLOGIA E METABOLISMO
1.11,1,ENDOCRINOLOGIA E METABOLISMO
1.11,1,ENDOCRINOLOGIA E METABOLISMO
1.03,1,ENDOCRINOLOGIA E METABOLISMO
1.11,1,ENDOCRINOLOGIA E METABOLISMO
1.04,1,ENDOCRINOLOGIA E METABOLISMO
7.07,63.04,ENDOCRINOLOGIA E METABOLISMO
1.1,1,ENDOCRINOLOGIA E METABOLISMO
1.1,1,ENDOCRINOLOGIA E METABOLISMO
1.1,1,ENDOCRINOLOGIA E METABOLISMO
1.1,1,ENDOCRINOLOGIA E METABOLISMO
1.1,1,ENDOCRINOLOGIA E METABOLISMO
1.1,1,ENDOCRINOLOGIA E METABOLISMO
4.06,27.96,ENDOCRINOLOGIA E METABOLISMO
6.11,137.71,ENDOCRINOLOGIA E METABOLISMO
3.1,62.96,ENDOCRINOLOGIA E METABOLISMO
6.07,125.83,ENDOCRINOLOGIA E METABOLISMO
8.11,452.94,ENDOCRINOLOGIA E METABOLISMO
5.03,962.79,ENDOCRINOLOGIA E METABOLISMO
1.11,1,ENDOCRINOLOGIA E METABOLISMO
19.05,1183.04,ENDOCRINOLOGIA E METABOLISMO
5.06,150.01,ENDOCRINOLOGIA E METABOLISMO
1.11,1,ENDOCRINOLOGIA E METABOLISMO
1.05,1,ENDOCRINOLOGIA E METABOLISMO
4.11,1026.08,ENDOCRINOLOGIA E METABOLISMO
16.05,777.11,ENDOCRINOLOGIA E METABOLISMO
16.05,777.11,ENDOCRINOLOGIA E METABOLISMO
16.05,777.11,ENDOCRINOLOGIA E METABOLISMO
16.05,777.11,ENDOCRINOLOGIA E METABOLISMO
16.05,777.11,ENDOCRINOLOGIA E METABOLISMO
1.11,1,ENDOCRINOLOGIA E METABOLISMO
7.11,1014.96,ENDOCRINOLOGIA E METABOLISMO
17.06,1097.02,ENDOCRINOLOGIA E METABOLISMO
10.04,1113.08,ENDOCRINOLOGIA E METABOLISMO
2.08,7,ENDOCRINOLOGIA E METABOLISMO
12.03,1125.71,ENDOCRINOLOGIA E METABOLISMO
11.11,1014.96,ENDOCRINOLOGIA E METABOLISMO
1.11,1,ENDOCRINOLOGIA E METABOLISMO
1.07,1,ENDOCRINOLOGIA E METABOLISMO
16.07,1128.23,ENDOCRINOLOGIA E METABOLISMO
5.04,230.05,ENDOCRINOLOGIA E METABOLISMO
8.11,130.79,ENDOCRINOLOGIA E METABOLISMO
8.05,143.84,ENDOCRINOLOGIA E METABOLISMO
8.05,143.84,ENDOCRINOLOGIA E METABOLISMO
8.05,143.84,ENDOCRINOLOGIA E METABOLISMO
8.05,143.84,ENDOCRINOLOGIA E METABOLISMO
8.05,143.84,ENDOCRINOLOGIA E METABOLISMO
8.05,143.84,ENDOCRINOLOGIA E METABOLISMO
1.05,1,ENDOCRINOLOGIA E METABOLISMO
1.05,1,ENDOCRINOLOGIA E METABOLISMO
1.05,1,ENDOCRINOLOGIA E METABOLISMO
1.05,1,ENDOCRINOLOGIA E METABOLISMO
1.05,1,ENDOCRINOLOGIA E METABOLISMO
1.05,1,ENDOCRINOLOGIA E METABOLISMO
5.1,749,ENDOCRINOLOGIA E METABOLISMO
11.06,915.92,ENDOCRINOLOGIA E METABOLISMO
2.06,51.13,ENDOCRINOLOGIA E METABOLISMO
2.04,14,ENDOCRINOLOGIA E METABOLISMO
3.11,130.17,ENDOCRINOLOGIA E METABOLISMO
1.07,1,ENDOCRINOLOGIA E METABOLISMO
4.06,43.17,ENDOCRINOLOGIA E METABOLISMO
2.05,357.04,ENDOCRINOLOGIA E METABOLISMO
4.11,718.04,ENDOCRINOLOGIA E METABOLISMO
4.11,718.04,ENDOCRINOLOGIA E METABOLISMO
4.11,718.04,ENDOCRINOLOGIA E METABOLISMO
1.05,1,ENDOCRINOLOGIA E METABOLISMO
1.05,1,ENDOCRINOLOGIA E METABOLISMO
2.06,274.08,ENDOCRINOLOGIA E METABOLISMO
1.11,1,ENDOCRINOLOGIA E METABOLISMO
2.07,101.16,ENDOCRINOLOGIA E METABOLISMO
3.03,36.67,ENDOCRINOLOGIA E METABOLISMO
7.06,795.03,ENDOCRINOLOGIA E METABOLISMO
4.04,151.78,ENDOCRINOLOGIA E METABOLISMO
4.04,151.78,ENDOCRINOLOGIA E METABOLISMO
4.04,151.78,ENDOCRINOLOGIA E METABOLISMO
4.04,151.78,ENDOCRINOLOGIA E METABOLISMO
4.04,151.78,ENDOCRINOLOGIA E METABOLISMO
4.04,151.78,ENDOCRINOLOGIA E METABOLISMO
3.11,42.04,ENDOCRINOLOGIA E METABOLISMO
7.11,806.04,REUMATOLOGIA
1.07,1,REUMATOLOGIA
1.11,1,REUMATOLOGIA
1.05,1,REUMATOLOGIA
1.05,1,REUMATOLOGIA
1.05,1,REUMATOLOGIA
1.05,1,REUMATOLOGIA
1.05,1,REUMATOLOGIA
1.05,1,REUMATOLOGIA
3.11,76.79,REUMATOLOGIA
25.04,108,REUMATOLOGIA
24.11,96.79,REUMATOLOGIA
1.11,1,REUMATOLOGIA
8.04,772.13,REUMATOLOGIA
1.05,1,REUMATOLOGIA
1.05,1,REUMATOLOGIA
3.06,223.96,REUMATOLOGIA
17.06,592.85,REUMATOLOGIA
1.05,1,REUMATOLOGIA
5.11,823.08,REUMATOLOGIA
5.11,823.08,REUMATOLOGIA
4.09,1193.12,REUMATOLOGIA
13.03,1211.27,REUMATOLOGIA
5.05,504,REUMATOLOGIA
2.11,48.04,REUMATOLOGIA
6.05,539.04,REUMATOLOGIA
1.06,1,REUMATOLOGIA
3.08,678.88,REUMATOLOGIA
1.05,1,REUMATOLOGIA
3.05,14.04,REUMATOLOGIA
3.08,173.76,REUMATOLOGIA
1.05,1,REUMATOLOGIA
2.04,210.21,REUMATOLOGIA
2.04,210.21,REUMATOLOGIA
2.04,210.21,REUMATOLOGIA
2.04,210.21,REUMATOLOGIA
2.04,210.21,REUMATOLOGIA
1.06,1,REUMATOLOGIA
2.11,97.96,REUMATOLOGIA
1.04,1,REUMATOLOGIA
1.1,1,REUMATOLOGIA
2.04,98.99,REUMATOLOGIA
2.04,98.99,REUMATOLOGIA
2.04,98.99,REUMATOLOGIA
2.04,98.99,REUMATOLOGIA
2.04,98.99,REUMATOLOGIA
1.11,1,REUMATOLOGIA
4.05,231,REUMATOLOGIA
1.06,1,REUMATOLOGIA
3.1,480.08,REUMATOLOGIA
3.1,480.08,REUMATOLOGIA
3.1,480.08,REUMATOLOGIA
